
[
    [
    ],
    [
    ],
    [
    ],
    [
        {
            "FaceTrackerDataName" : 3,
            "CubismParameter"     : "ParamAngleX",
            "FaceTrackerDataMin"  : -30,
            "FaceTrackerDataMax"  : 30,
            "ParameterMin"        : -30,
            "ParameterMax"        : 30,
            "Smooth"              : 0.15
        },
        {
            "FaceTrackerDataName" : 3,
            "CubismParameter"     : "ParamBodyAngleX",
            "FaceTrackerDataMin"  : -30,
            "FaceTrackerDataMax"  : 30,
            "ParameterMin"        : -10,
            "ParameterMax"        : 10,
            "Smooth"              : 0.2
        }
    ],
    [
        {
            "FaceTrackerDataName" : 4,
            "CubismParameter"     : "ParamAngleY",
            "FaceTrackerDataMin"  : -30,
            "FaceTrackerDataMax"  : 30,
            "ParameterMin"        : -30,
            "ParameterMax"        : 30,
            "Smooth"              : 0.15
        },
        {
            "FaceTrackerDataName" : 4,
            "CubismParameter"     : "ParamBodyAngleY",
            "FaceTrackerDataMin"  : -30,
            "FaceTrackerDataMax"  : 30,
            "ParameterMin"        : -10,
            "ParameterMax"        : 10,
            "Smooth"              : 0.2
        }
    ],
    [
        {
            "FaceTrackerDataName" : 5,
            "CubismParameter"     : "ParamAngleZ",
            "FaceTrackerDataMin"  : -30,
            "FaceTrackerDataMax"  : 30,
            "ParameterMin"        : -30,
            "ParameterMax"        : 30,
            "Smooth"              : 0.3
        },
        {
            "FaceTrackerDataName" : 5,
            "CubismParameter"     : "ParamBodyAngleZ",
            "FaceTrackerDataMin"  : -30,
            "FaceTrackerDataMax"  : 30,
            "ParameterMin"        : -10,
            "ParameterMax"        : 10,
            "Smooth"              : 0.2
        }
    ],
    [
        {
            "FaceTrackerDataName" : 6,
            "CubismParameter"     : "ParamMouthForm",
            "FaceTrackerDataMin"  : -1,
            "FaceTrackerDataMax"  : 1,
            "ParameterMin"        : -1,
            "ParameterMax"        : 1,
            "Smooth"              : 0.2
        },
        {
            "FaceTrackerDataName" : 6,
            "CubismParameter"     : "ParamEyeLSmile",
            "FaceTrackerDataMin"  : -1,
            "FaceTrackerDataMax"  : 1,
            "ParameterMin"        : 0,
            "ParameterMax"        : 1,
            "Smooth"              : 0.2
        },
        {
            "FaceTrackerDataName" : 6,
            "CubismParameter"     : "ParamEyeRSmile",
            "FaceTrackerDataMin"  : -1,
            "FaceTrackerDataMax"  : 1,
            "ParameterMin"        : 0,
            "ParameterMax"        : 1,
            "Smooth"              : 0.2
        },
        {
            "FaceTrackerDataName" : 6,
            "CubismParameter"     : "ParamCheek",
            "FaceTrackerDataMin"  : -1,
            "FaceTrackerDataMax"  : 1,
            "ParameterMin"        : 0,
            "ParameterMax"        : 1,
            "Smooth"              : 0.2
        }
    ],
    [
    ],
    [
        {
            "FaceTrackerDataName" : 8,
            "CubismParameter"     : "ParamMouthOpenY",
            "FaceTrackerDataMin"  : 0,
            "FaceTrackerDataMax"  : 0.6,
            "ParameterMin"        : 0,
            "ParameterMax"        : 1,
            "Smooth"              : 0.1
        }
    ],
    [
    ],
    [
    ],
    [
    ],
    [
    ],
    [
        {
            "FaceTrackerDataName" : 13,
            "CubismParameter"     : "ParamEyeLOpen",
            "FaceTrackerDataMin"  : 0.2,
            "FaceTrackerDataMax"  : 1,
            "ParameterMin"        : 0,
            "ParameterMax"        : 1,
            "Smooth"              : 0.05
        }
    ],
    [
        {
            "FaceTrackerDataName" : 14,
            "CubismParameter"     : "ParamEyeROpen",
            "FaceTrackerDataMin"  : 0.2,
            "FaceTrackerDataMax"  : 1,
            "ParameterMin"        : 0,
            "ParameterMax"        : 1,
            "Smooth"              : 0.05
        }
    ],
    [
        {
            "FaceTrackerDataName" : 15,
            "CubismParameter"     : "ParamEyeBallX",
            "FaceTrackerDataMin"  : -1,
            "FaceTrackerDataMax"  : 1,
            "ParameterMin"        : -1,
            "ParameterMax"        : 1,
            "Smooth"              : 0.1
        }
    ],
    [
        {
            "FaceTrackerDataName" : 16,
            "CubismParameter"     : "ParamEyeBallY",
            "FaceTrackerDataMin"  : -1,
            "FaceTrackerDataMax"  : 1,
            "ParameterMin"        : -1,
            "ParameterMax"        : 1,
            "Smooth"              : 0.1
        }
    ],
    [
    ],
    [
    ]
]