{
	"Version": 3,
	"Parameters": [
		{
			"Id": "ParamAngleX",
			"GroupId": "ParamGroup",
			"Name": "角度 X"
		},
		{
			"Id": "ParamAngleY",
			"GroupId": "ParamGroup",
			"Name": "角度 Y"
		},
		{
			"Id": "ParamAngleZ",
			"GroupId": "ParamGroup",
			"Name": "角度 Z"
		},
		{
			"Id": "ParamCheek",
			"GroupId": "ParamGroup",
			"Name": "脸颊"
		},
		{
			"Id": "ParamKill",
			"GroupId": "ParamGroup",
			"Name": "kill"
		},
		{
			"Id": "ParamEyeLOpen",
			"GroupId": "ParamGroup2",
			"Name": "左眼　开闭"
		},
		{
			"Id": "ParamEyeLSmile",
			"GroupId": "ParamGroup2",
			"Name": "左眼　微笑"
		},
		{
			"Id": "ParamEyeROpen",
			"GroupId": "ParamGroup2",
			"Name": "右眼　开闭"
		},
		{
			"Id": "ParamEyeRSmile",
			"GroupId": "ParamGroup2",
			"Name": "右眼　微笑"
		},
		{
			"Id": "ParamEyeBallX",
			"GroupId": "ParamGroup3",
			"Name": "眼球 X"
		},
		{
			"Id": "ParamEyeBallY",
			"GroupId": "ParamGroup3",
			"Name": "眼球 Y"
		},
		{
			"Id": "ParamBrowLForm",
			"GroupId": "ParamGroup4",
			"Name": "左眉　変形"
		},
		{
			"Id": "ParamBrowRForm",
			"GroupId": "ParamGroup4",
			"Name": "右眉　変形"
		},
		{
			"Id": "ParamMouthForm",
			"GroupId": "ParamGroup5",
			"Name": "嘴部　变形"
		},
		{
			"Id": "ParamMouthOpenY",
			"GroupId": "ParamGroup5",
			"Name": "嘴巴　张开和闭合"
		},
		{
			"Id": "ParamBodyAngleX",
			"GroupId": "ParamGroup6",
			"Name": "身体旋转　X"
		},
		{
			"Id": "ParamBodyAngleY",
			"GroupId": "ParamGroup6",
			"Name": "身体旋转　Y"
		},
		{
			"Id": "ParamBodyAngleZ",
			"GroupId": "ParamGroup6",
			"Name": "身体旋转　Z"
		},
		{
			"Id": "ParamBreath",
			"GroupId": "ParamGroup6",
			"Name": "呼吸"
		},
		{
			"Id": "ParamLArm1",
			"GroupId": "ParamGroup10",
			"Name": "左臂旋转"
		},
		{
			"Id": "ParamLArm2",
			"GroupId": "ParamGroup10",
			"Name": "左小臂旋转"
		},
		{
			"Id": "ParamLHand1",
			"GroupId": "ParamGroup10",
			"Name": "左手掌变化"
		},
		{
			"Id": "ParamHairFront",
			"GroupId": "ParamGroup7",
			"Name": "摇动　前发"
		},
		{
			"Id": "ParamHairBack",
			"GroupId": "ParamGroup7",
			"Name": "摇动　后发"
		},
		{
			"Id": "ParamHairSide",
			"GroupId": "ParamGroup7",
			"Name": "摇动　侧发"
		},
		{
			"Id": "ParamSkirtS1",
			"GroupId": "ParamGroup7",
			"Name": "摇动   裙摆1"
		},
		{
			"Id": "ParamSkirtS2",
			"GroupId": "ParamGroup7",
			"Name": "摇动   裙摆2"
		},
		{
			"Id": "ParamHandRibbon",
			"GroupId": "ParamGroup7",
			"Name": "摇动  头蝴蝶结"
		},
		{
			"Id": "ParamMiddleRibbon",
			"GroupId": "ParamGroup7",
			"Name": "摇动  胸蝴蝶结"
		},
		{
			"Id": "ParamSkirtRibbon",
			"GroupId": "ParamGroup7",
			"Name": "摇动  腰蝴蝶结"
		},
		{
			"Id": "ParamSleeveS",
			"GroupId": "ParamGroup7",
			"Name": "摇动   袖子"
		},
		{
			"Id": "ParamWidS",
			"GroupId": "ParamGroup7",
			"Name": "摇动  挂件"
		},
		{
			"Id": "ParamLPonytailS1",
			"GroupId": "ParamGroup8",
			"Name": "摇动  左马尾1"
		},
		{
			"Id": "ParamLPonytailS2",
			"GroupId": "ParamGroup8",
			"Name": "摇动  左马尾2"
		},
		{
			"Id": "ParamLBraidedS1",
			"GroupId": "ParamGroup8",
			"Name": "摇动  左马尾麻花1"
		},
		{
			"Id": "ParamLBraidedS2",
			"GroupId": "ParamGroup8",
			"Name": "摇动  左马尾麻花2"
		},
		{
			"Id": "ParamRPonytailS1",
			"GroupId": "ParamGroup8",
			"Name": "摇动  右马尾1"
		},
		{
			"Id": "ParamRPonytailS2",
			"GroupId": "ParamGroup8",
			"Name": "摇动  右马尾2"
		},
		{
			"Id": "ParamRBraidedS1",
			"GroupId": "ParamGroup8",
			"Name": "摇动  右马尾麻花1"
		},
		{
			"Id": "ParamRBraidedS2",
			"GroupId": "ParamGroup8",
			"Name": "摇动  右马尾麻花2"
		},
		{
			"Id": "ParamFrontHair1S1",
			"GroupId": "ParamGroup9",
			"Name": "摇动 前发1.1"
		},
		{
			"Id": "ParamFrontHair2S1",
			"GroupId": "ParamGroup9",
			"Name": "摇动  前发2.1"
		},
		{
			"Id": "ParamFrontHair3S1",
			"GroupId": "ParamGroup9",
			"Name": "摇动  前发3.1"
		},
		{
			"Id": "ParamFrontHair4S1",
			"GroupId": "ParamGroup9",
			"Name": "摇动  前发4.1"
		},
		{
			"Id": "ParamLFrtHairS1",
			"GroupId": "ParamGroup9",
			"Name": "摇动  左鬓发1"
		},
		{
			"Id": "ParamLFrtHairS2",
			"GroupId": "ParamGroup9",
			"Name": "摇动  左鬓发2"
		},
		{
			"Id": "ParamRFrtHairS1",
			"GroupId": "ParamGroup9",
			"Name": "摇动  右鬓发1"
		},
		{
			"Id": "ParamRFrtHairS2",
			"GroupId": "ParamGroup9",
			"Name": "摇动  右鬓发2"
		},
		{
			"Id": "ParamLWingS1",
			"GroupId": "ParamGroup11",
			"Name": "摇动   左翅膀1"
		},
		{
			"Id": "ParamLWingS2",
			"GroupId": "ParamGroup11",
			"Name": "摇动   左翅膀2"
		},
		{
			"Id": "ParamRWingS1",
			"GroupId": "ParamGroup11",
			"Name": "摇动   右翅膀1"
		},
		{
			"Id": "ParamRWingS2",
			"GroupId": "ParamGroup11",
			"Name": "摇动   右翅膀2"
		}
	],
	"ParameterGroups": [
		{
			"Id": "ParamGroup",
			"GroupId": "",
			"Name": "头"
		},
		{
			"Id": "ParamGroup2",
			"GroupId": "",
			"Name": "目"
		},
		{
			"Id": "ParamGroup3",
			"GroupId": "",
			"Name": "目玉"
		},
		{
			"Id": "ParamGroup4",
			"GroupId": "",
			"Name": "眉毛"
		},
		{
			"Id": "ParamGroup5",
			"GroupId": "",
			"Name": "嘴巴"
		},
		{
			"Id": "ParamGroup6",
			"GroupId": "",
			"Name": "体"
		},
		{
			"Id": "ParamGroup10",
			"GroupId": "",
			"Name": "手"
		},
		{
			"Id": "ParamGroup7",
			"GroupId": "",
			"Name": "摇动"
		},
		{
			"Id": "ParamGroup8",
			"GroupId": "",
			"Name": "马尾摇动"
		},
		{
			"Id": "ParamGroup9",
			"GroupId": "",
			"Name": "前发摇动"
		},
		{
			"Id": "ParamGroup11",
			"GroupId": "",
			"Name": "翅膀摇动"
		}
	],
	"Parts": [
		{
			"Id": "Hat",
			"Name": "Hat"
		},
		{
			"Id": "ZHair",
			"Name": "ZHair"
		},
		{
			"Id": "Eyebrow",
			"Name": "Eyebrow"
		},
		{
			"Id": "ZFace",
			"Name": "ZFace"
		},
		{
			"Id": "FrtHair",
			"Name": "FrtHair"
		},
		{
			"Id": "Part18",
			"Name": "Middle Ribbon"
		},
		{
			"Id": "Part19",
			"Name": "NeckLace Front"
		},
		{
			"Id": "Neck",
			"Name": "Neck"
		},
		{
			"Id": "Clothing",
			"Name": "Clothing"
		},
		{
			"Id": "HairBack",
			"Name": "HairBack"
		},
		{
			"Id": "HatBack",
			"Name": "HatBack"
		},
		{
			"Id": "Wing",
			"Name": "Wing"
		},
		{
			"Id": "Part",
			"Name": "Hat Flower"
		},
		{
			"Id": "Part2",
			"Name": "Hat Ribbon"
		},
		{
			"Id": "HandWid",
			"Name": "HandWid"
		},
		{
			"Id": "Hat2",
			"Name": "Hat"
		},
		{
			"Id": "FrontHairBraided",
			"Name": "FrontHairBraided"
		},
		{
			"Id": "FrontHair",
			"Name": "FrontHair"
		},
		{
			"Id": "LatHair",
			"Name": "LatHair"
		},
		{
			"Id": "Part6",
			"Name": "R Eyebrow"
		},
		{
			"Id": "Part7",
			"Name": "L Eyebrow"
		},
		{
			"Id": "Mouth",
			"Name": "Mouth"
		},
		{
			"Id": "Nose",
			"Name": "Nose"
		},
		{
			"Id": "Part8",
			"Name": "L Eye"
		},
		{
			"Id": "Part12",
			"Name": "R Eye"
		},
		{
			"Id": "Face",
			"Name": "Face"
		},
		{
			"Id": "Ear",
			"Name": "Ear"
		},
		{
			"Id": "Cape",
			"Name": "Cape"
		},
		{
			"Id": "Part38",
			"Name": "Skirt Ribbon"
		},
		{
			"Id": "Body",
			"Name": "Body"
		},
		{
			"Id": "Belt",
			"Name": "Belt"
		},
		{
			"Id": "Skirt",
			"Name": "Skirt"
		},
		{
			"Id": "NeckLaceBack",
			"Name": "NeckLaceBack"
		},
		{
			"Id": "Part39",
			"Name": "L LatBack"
		},
		{
			"Id": "Part45",
			"Name": "R LatBack"
		},
		{
			"Id": "HairBack2",
			"Name": "HairBack"
		},
		{
			"Id": "Part3",
			"Name": "Hat RibbonSilk"
		},
		{
			"Id": "Part4",
			"Name": "R LatHair"
		},
		{
			"Id": "Part5",
			"Name": "L LatHair"
		},
		{
			"Id": "Part9",
			"Name": "L EyeUpLiner"
		},
		{
			"Id": "Part10",
			"Name": "L EyeLiner"
		},
		{
			"Id": "Part11",
			"Name": "L EyeHightLight"
		},
		{
			"Id": "Part13",
			"Name": "R EyeUpLiner"
		},
		{
			"Id": "Part14",
			"Name": "R EyeLiner"
		},
		{
			"Id": "Part15",
			"Name": "R EyeHightLight"
		},
		{
			"Id": "Part16",
			"Name": "L BlushShy"
		},
		{
			"Id": "Part17",
			"Name": "R BlushShy"
		},
		{
			"Id": "Part20",
			"Name": "L Cape"
		},
		{
			"Id": "Part29",
			"Name": "R CapeFront"
		},
		{
			"Id": "Part40",
			"Name": "L LatBackHairWid"
		},
		{
			"Id": "Part44",
			"Name": "L LatBackHair"
		},
		{
			"Id": "Part46",
			"Name": "R LatBackHairWid"
		},
		{
			"Id": "Part49",
			"Name": "R LatBackHair"
		},
		{
			"Id": "Part21",
			"Name": "L-UP"
		},
		{
			"Id": "Part30",
			"Name": "R-UP"
		},
		{
			"Id": "Part41",
			"Name": "L LatBackHairWid1"
		},
		{
			"Id": "Part42",
			"Name": "L LatBackHairWid2"
		},
		{
			"Id": "Part43",
			"Name": "L LatBackHairWid3"
		},
		{
			"Id": "Part47",
			"Name": "R LatBackHairWid1"
		},
		{
			"Id": "Part48",
			"Name": "R LatBackHairWid2"
		},
		{
			"Id": "Part22",
			"Name": "L SleeveDown"
		},
		{
			"Id": "Part28",
			"Name": "L SleeveUP"
		},
		{
			"Id": "Part31",
			"Name": "R SleeveDown"
		},
		{
			"Id": "Part37",
			"Name": "R SleeveUP"
		},
		{
			"Id": "Part23",
			"Name": "L Hand"
		},
		{
			"Id": "Part25",
			"Name": "L SleeveFront"
		},
		{
			"Id": "Part26",
			"Name": "L Arm"
		},
		{
			"Id": "Part27",
			"Name": "L SleeveBack"
		},
		{
			"Id": "Part32",
			"Name": "R SleeveFront"
		},
		{
			"Id": "Part33",
			"Name": "R Hand"
		},
		{
			"Id": "Part35",
			"Name": "R Arm"
		},
		{
			"Id": "Part36",
			"Name": "R SleeveBack"
		},
		{
			"Id": "Finger1",
			"Name": "Finger1"
		},
		{
			"Id": "Part24",
			"Name": "L Ponytail"
		},
		{
			"Id": "Finger2",
			"Name": "Finger2"
		},
		{
			"Id": "Part34",
			"Name": "R Ponytail"
		},
		{
			"Id": "Finger",
			"Name": "Finger"
		}
	]
}