{
	"Version": 3,
	"Parameters": [
		{
			"Id": "ParamAngleX",
			"GroupId": "ParamGroup",
			"Name": "角度 X"
		},
		{
			"Id": "ParamAngleY",
			"GroupId": "ParamGroup",
			"Name": "角度 Y"
		},
		{
			"Id": "ParamAngleZ",
			"GroupId": "ParamGroup",
			"Name": "角度 Z"
		},
		{
			"Id": "ParamCheek",
			"GroupId": "ParamGroup",
			"Name": "脸颊"
		},
		{
			"Id": "ParamHatT",
			"GroupId": "ParamGroup",
			"Name": "帽子隐藏"
		},
		{
			"Id": "ParamEyeLOpen",
			"GroupId": "ParamGroup3",
			"Name": "左眼　开闭"
		},
		{
			"Id": "ParamEyeLSmile",
			"GroupId": "ParamGroup3",
			"Name": "左眼　微笑"
		},
		{
			"Id": "ParamEyeROpen",
			"GroupId": "ParamGroup3",
			"Name": "右眼　开闭"
		},
		{
			"Id": "ParamEyeRSmile",
			"GroupId": "ParamGroup3",
			"Name": "右眼　微笑"
		},
		{
			"Id": "ParamEyeBallX",
			"GroupId": "ParamGroup5",
			"Name": "眼球 X"
		},
		{
			"Id": "ParamEyeBallY",
			"GroupId": "ParamGroup5",
			"Name": "眼球 Y"
		},
		{
			"Id": "ParamBrowLY",
			"GroupId": "ParamGroup4",
			"Name": "左眉  上下"
		},
		{
			"Id": "ParamBrowRY",
			"GroupId": "ParamGroup4",
			"Name": "右眉　上下"
		},
		{
			"Id": "ParamBrowLAngle",
			"GroupId": "ParamGroup4",
			"Name": "左眉　角度"
		},
		{
			"Id": "ParamBrowRAngle",
			"GroupId": "ParamGroup4",
			"Name": "右眉　角度"
		},
		{
			"Id": "ParamBrowLForm",
			"GroupId": "ParamGroup4",
			"Name": "左眉　変形"
		},
		{
			"Id": "Param",
			"GroupId": "ParamGroup4",
			"Name": "右眉　変形"
		},
		{
			"Id": "ParamMouthForm",
			"GroupId": "ParamGroup6",
			"Name": "嘴部　变形"
		},
		{
			"Id": "ParamMouthOpenY",
			"GroupId": "ParamGroup6",
			"Name": "嘴巴　张开和闭合"
		},
		{
			"Id": "ParamBodyAngleX",
			"GroupId": "ParamGroup7",
			"Name": "身体旋转　X"
		},
		{
			"Id": "ParamBodyAngleY",
			"GroupId": "ParamGroup7",
			"Name": "身体旋转　Y"
		},
		{
			"Id": "ParamBodyAngleZ",
			"GroupId": "ParamGroup7",
			"Name": "身体旋转　Z"
		},
		{
			"Id": "ParamBreath",
			"GroupId": "ParamGroup7",
			"Name": "呼吸"
		},
		{
			"Id": "ParamHairFront",
			"GroupId": "ParamGroup2",
			"Name": "摇动　前发"
		},
		{
			"Id": "ParamHairRibbon",
			"GroupId": "ParamGroup2",
			"Name": "摇动　头蝴蝶结"
		},
		{
			"Id": "ParamFrontRibbon",
			"GroupId": "ParamGroup2",
			"Name": "摇动　前蝴蝶结"
		},
		{
			"Id": "ParamHairSide",
			"GroupId": "ParamGroup2",
			"Name": "摇动　侧发"
		},
		{
			"Id": "ParamHairBack",
			"GroupId": "ParamGroup2",
			"Name": "摇动　后发"
		},
		{
			"Id": "ParamHairBack1",
			"GroupId": "ParamGroup2",
			"Name": "摇动   后发1"
		},
		{
			"Id": "ParamHairBack2",
			"GroupId": "ParamGroup2",
			"Name": "摇动　后发2"
		},
		{
			"Id": "ParamHairBackT",
			"GroupId": "ParamGroup2",
			"Name": "摇动　后侧发"
		},
		{
			"Id": "ParamSkirt",
			"GroupId": "ParamGroup2",
			"Name": "摇动   裙子"
		},
		{
			"Id": "ParamBubble",
			"GroupId": "ParamGroup2",
			"Name": "摇动   蕾丝"
		},
		{
			"Id": "ParamHandShake",
			"GroupId": "ParamGroup2",
			"Name": "摇动 袖子"
		},
		{
			"Id": "Param_Angle_Rotation_1_ArtMesh34",
			"GroupId": "ParamGroup9",
			"Name": "(1)右鬓发"
		},
		{
			"Id": "Param_Angle_L_Rotation_1_ArtMesh35",
			"GroupId": "ParamGroup9",
			"Name": "(1)左鬓发"
		},
		{
			"Id": "ParamArmLA",
			"GroupId": "ParamGroup8",
			"Name": "左手1"
		},
		{
			"Id": "ParamArmLB",
			"GroupId": "ParamGroup8",
			"Name": "左手2招手"
		},
		{
			"Id": "ParamArmLT",
			"GroupId": "ParamGroup8",
			"Name": "左手换手"
		},
		{
			"Id": "ParamArmRA",
			"GroupId": "ParamGroup8",
			"Name": "右手"
		},
		{
			"Id": "ParamDropEyeR",
			"GroupId": "ParamGroup10",
			"Name": "右眼睛弹跳"
		},
		{
			"Id": "ParamDropEyeL",
			"GroupId": "ParamGroup10",
			"Name": "左眼睛弹跳"
		},
		{
			"Id": "ParamDropLineR",
			"GroupId": "ParamGroup10",
			"Name": "右眼线弹跳"
		},
		{
			"Id": "ParamDropLineL",
			"GroupId": "ParamGroup10",
			"Name": "左眼线弹跳"
		}
	],
	"ParameterGroups": [
		{
			"Id": "ParamGroup",
			"GroupId": "",
			"Name": "头"
		},
		{
			"Id": "ParamGroup3",
			"GroupId": "",
			"Name": "目"
		},
		{
			"Id": "ParamGroup5",
			"GroupId": "",
			"Name": "目玉"
		},
		{
			"Id": "ParamGroup4",
			"GroupId": "",
			"Name": "眉毛"
		},
		{
			"Id": "ParamGroup6",
			"GroupId": "",
			"Name": "嘴巴"
		},
		{
			"Id": "ParamGroup7",
			"GroupId": "",
			"Name": "体"
		},
		{
			"Id": "ParamGroup2",
			"GroupId": "",
			"Name": "摇动"
		},
		{
			"Id": "ParamGroup9",
			"GroupId": "",
			"Name": "鬓发摇动"
		},
		{
			"Id": "ParamGroup8",
			"GroupId": "",
			"Name": "腕"
		},
		{
			"Id": "ParamGroup10",
			"GroupId": "",
			"Name": "弹跳模组"
		}
	],
	"Parts": [
		{
			"Id": "Part",
			"Name": "头饰"
		},
		{
			"Id": "Part5",
			"Name": "眉毛"
		},
		{
			"Id": "Part6",
			"Name": "前发"
		},
		{
			"Id": "Part10",
			"Name": "脸"
		},
		{
			"Id": "Part16",
			"Name": "鬓发"
		},
		{
			"Id": "Part20",
			"Name": "领子前"
		},
		{
			"Id": "Part21",
			"Name": "脖子"
		},
		{
			"Id": "Part19",
			"Name": "胸口蝴蝶结"
		},
		{
			"Id": "Part22",
			"Name": "服装"
		},
		{
			"Id": "Part47",
			"Name": "身体"
		},
		{
			"Id": "Part48",
			"Name": "领子背"
		},
		{
			"Id": "Part49",
			"Name": "披风后"
		},
		{
			"Id": "Foot",
			"Name": "Foot"
		},
		{
			"Id": "Part50",
			"Name": "后发"
		},
		{
			"Id": "Part105",
			"Name": "Hat Back"
		},
		{
			"Id": "Part2",
			"Name": "蝴蝶结"
		},
		{
			"Id": "Part4",
			"Name": "帽子"
		},
		{
			"Id": "Part7",
			"Name": "侧发"
		},
		{
			"Id": "Part11",
			"Name": "鼻子"
		},
		{
			"Id": "Part12",
			"Name": "嘴巴"
		},
		{
			"Id": "Part13",
			"Name": "右眼"
		},
		{
			"Id": "Part14",
			"Name": "左眼"
		},
		{
			"Id": "Part15",
			"Name": "腮红"
		},
		{
			"Id": "Part17",
			"Name": "右鬓发"
		},
		{
			"Id": "Part18",
			"Name": "左鬓发"
		},
		{
			"Id": "Part23",
			"Name": "右披肩"
		},
		{
			"Id": "Part27",
			"Name": "左披肩(放手)"
		},
		{
			"Id": "Part32",
			"Name": "左披肩(招手)"
		},
		{
			"Id": "Part38",
			"Name": "上衣"
		},
		{
			"Id": "Part41",
			"Name": "前裙"
		},
		{
			"Id": "Part44",
			"Name": "中层泡泡裙"
		},
		{
			"Id": "Part45",
			"Name": "下层荷叶边"
		},
		{
			"Id": "Part46",
			"Name": "后裙"
		},
		{
			"Id": "Part51",
			"Name": "后右侧发"
		},
		{
			"Id": "Part52",
			"Name": "后左侧发"
		},
		{
			"Id": "Part3",
			"Name": "飘带"
		},
		{
			"Id": "Part8",
			"Name": "右侧发"
		},
		{
			"Id": "Part9",
			"Name": "左侧发"
		},
		{
			"Id": "Part24",
			"Name": "右手掌"
		},
		{
			"Id": "Part25",
			"Name": "右小臂"
		},
		{
			"Id": "Part26",
			"Name": "右大臂"
		},
		{
			"Id": "Part28",
			"Name": "左手(放)"
		},
		{
			"Id": "Part33",
			"Name": "左手（招手）"
		},
		{
			"Id": "Part37",
			"Name": "左袖后2"
		},
		{
			"Id": "Part39",
			"Name": "腰蝴蝶结"
		},
		{
			"Id": "Part40",
			"Name": "胸衣"
		},
		{
			"Id": "Part42",
			"Name": "蝴蝶结"
		},
		{
			"Id": "Part43",
			"Name": "裙子"
		},
		{
			"Id": "Part29",
			"Name": "左手掌"
		},
		{
			"Id": "Part30",
			"Name": "左小臂"
		},
		{
			"Id": "Part31",
			"Name": "左大臂"
		},
		{
			"Id": "Part34",
			"Name": "左手掌"
		},
		{
			"Id": "Part35",
			"Name": "左小臂"
		},
		{
			"Id": "Part36",
			"Name": "左大臂"
		}
	]
}